Rule,New Hits (uncovered),New Attacks (uncovered),Incremental Precision
R5,323,323,1.0
R7,59,59,1.0
R4 ^ R6,19,19,1.0
R1 ^ R8,48,36,0.75
R3 ^ R8,206,147,0.7135922330097088
R8,229,165,0.7205240174672489
R6,1281,524,0.4090554254488681
R3,3761,1573,0.41823982983249136
R1,365,142,0.38904109589041097
R2,172,67,0.38953488372093026
